[
    {
      "course": [7, 4, 3],
      "type": "multiple",
      "difficulty": "easy",
      "question": "Vilket av följande fenomen indikerar klimatförändringar?",
      "correct_answer": "Ökad global temperatur",
      "incorrect_answers": [
        "Minskad atmosfärisk koldioxid",
        "Stigande glaciärstorlek",
        "Minskad havsnivå"
      ]
    },
    {
      "course": [4, 3],
      "type": "multiple",
      "difficulty": "easy",
      "question": "Hur påverkas havsnivån av klimatförändringar?",
      "correct_answer": "Havsnivån ökar",
      "incorrect_answers": [
        "Havsnivån sjunker", 
        "Havsnivån förblir oförändrad",
         "Havsnivån påverkas inte av klimatförändringar"
        ]
    },
    {
      "course": [4, 3],
      "type": "multiple",
      "difficulty": "easy",
      "question": "Vad är en konsekvens av smältande glaciärer till följd av global uppvärmning?",
      "correct_answer": "Stigande havsnivå",
      "incorrect_answers": [
        " Ökad snöfall",
         "Minskad havsnivå",
          "Minskad nederbörd"
        ]
    },
    {
      "course": [7],
      "type": "multiple",
      "difficulty": "medium",
      "question": "Vilket är ett vanligt mätinstrument för att övervaka global temperatur?",
      "correct_answer": "Termometer",
      "incorrect_answers": [
        "Barometer", 
        "Anemometer", 
        "Hygrometer"
      ]
    },
    {
      "course": [7],
      "type": "boolean",
      "difficulty": "medium",
      "question": "Hur påverkar ökad koldioxid i atmosfären jordens temperatur?",
      "correct_answer": "Ökar temperaturen",
      "incorrect_answers": [
        "Minskar temperaturen",
        "Har ingen påverkan",
        "Påverkar endast natttemperaturen"
      ]
    },
    {
      "course": [7],
      "type": "multiple",
      "difficulty": "easy",
      "question": "Vilket område förväntas uppleva kraftigare stormar på grund av klimatförändringar?",
      "correct_answer": "Tropikerna",
      "incorrect_answers": [
        "Polarområdena", 
        "Ekvatorn", 
        "Subtropikerna"]
    },
    {
      "course": [7],
      "type": "multiple",
      "difficulty": "medium",
      "question": "Vad är en indikator på klimatförändringar i oceanerna?",
      "correct_answer": "Ökad havstemperatur",
      "incorrect_answers": [
        "Minskad surhet",
        "Stabil salthalt",
        "Minskad strömningshastighet"
      ]
    },
    {
      "course": [7],
      "type": "multiple",
      "difficulty": "hard",
      "question": "Hur påverkas ekosystemen av snabb temperaturökning?",
      "correct_answer": "Negativt",
      "incorrect_answers": [
        "Positivt", 
        "Neutral", 
        "Endast vattenekosystem påverkas"
      ]
    },
    {
      "course": [7],
      "type": "multiple",
      "difficulty": "medium",
      "question": "Vilket land är särskilt sårbart för havsnivåhöjning?",
      "correct_answer": "Maldiverna",
      "incorrect_answers": [
        "Kanada", 
        "Australien", 
        "USA"
      ]
    },
    {
      "course": [7],
      "type": "boolean",
      "difficulty": "hard",
      "question": "Vad är den primära orsaken till den ökande koldioxidhalten i atmosfären?",
      "correct_answer": "Förbränning av fossila bränslen",
      "incorrect_answers": [
        "Vulkanutbrott",
        "Naturliga variationer i solaktivitet",
        "Ökad skogsavverkning"
      ]
    }
  ]
  